engine_id,actual_rul,predicted_rul
2,125,116.28578
2,125,116.29001
2,125,116.29257
2,125,116.29019
2,125,116.2896
2,125,116.29015
2,125,116.29092
2,125,116.290436
2,125,116.28819
2,125,116.287605
2,125,116.284454
2,125,116.27648
2,125,116.27988
2,125,116.283295
2,125,116.2807
2,125,116.27724
2,125,116.279655
2,125,116.27931
2,125,116.27912
2,125,116.279434
2,125,116.2802
2,125,116.279495
2,125,116.27916
2,125,116.28186
2,125,116.28024
2,125,116.280624
2,125,116.28369
2,125,116.28289
2,125,116.28201
2,125,116.279785
2,125,116.27316
2,125,116.26964
2,125,116.271416
2,125,116.269135
2,125,116.273254
2,125,116.26979
2,125,116.267075
2,125,116.26969
2,125,116.26354
2,125,116.249405
2,125,116.24188
2,125,116.21825
2,125,116.22028
2,125,116.23024
2,125,116.22931
2,125,116.25311
2,125,116.25432
2,125,116.2611
2,125,116.2659
2,125,116.26759
2,125,116.27484
2,125,116.28408
2,125,116.28287
2,125,116.284805
2,125,116.27796
2,125,116.27853
2,125,116.27733
2,125,116.26897
2,125,116.26925
2,125,116.2684
2,125,116.26288
2,125,116.260864
2,125,116.24639
2,125,116.23635
2,125,116.23448
2,125,116.23074
2,125,116.22097
2,125,116.224884
2,125,116.23564
2,125,116.23137
2,125,116.21677
2,125,116.20827
2,125,116.17589
2,125,116.184525
2,125,116.19396
2,125,116.187225
2,125,116.164246
2,125,116.149826
2,125,116.14073
2,125,116.12575
2,125,116.12326
2,125,116.16113
2,125,116.13082
2,125,116.14421
2,125,116.17657
2,125,116.182205
2,125,116.20738
2,125,116.2218
2,125,116.22443
2,125,116.19533
2,125,116.1994
2,125,116.21315
2,125,116.17782
2,125,116.15518
2,125,116.16081
2,125,116.1487
2,125,116.091354
2,125,116.07379
2,125,116.092865
2,125,116.09944
2,125,116.06076
2,125,116.07019
2,125,116.06387
2,125,116.03537
2,125,115.959785
2,125,115.90254
2,125,115.95055
2,125,115.8667
2,125,115.81171
2,125,115.70682
2,125,115.680374
2,125,115.67044
2,125,115.64369
2,125,115.45093
2,125,115.46733
2,125,115.2922
2,125,115.21567
2,125,115.00034
2,125,114.8533
2,125,114.32204
2,125,114.54691
2,125,114.78375
2,125,114.41735
2,125,114.098526
2,125,114.07681
2,125,114.16266
2,125,114.2726
2,125,113.85942
2,125,113.967125
2,125,113.95117
2,125,112.99901
2,125,113.00569
2,125,113.21747
2,124,112.39133
2,123,111.35416
2,122,111.06795
2,121,112.23413
2,120,111.50814
2,119,111.48999
2,118,110.66218
2,117,110.27072
2,116,108.49167
2,115,109.62111
2,114,108.168625
2,113,107.76883
2,112,106.17491
2,111,106.47096
2,110,105.096634
2,109,103.70011
2,108,102.61622
2,107,103.06592
2,106,105.33462
2,105,105.588776
2,104,104.26738
2,103,103.30835
2,102,105.83087
2,101,107.925095
2,100,101.26922
2,99,100.8713
2,98,99.13901
2,97,96.1449
2,96,97.98521
2,95,96.856995
2,94,93.83266
2,93,88.16142
2,92,83.80263
2,91,84.796646
2,90,84.789154
2,89,86.1098
2,88,85.383514
2,87,83.54765
2,86,80.788734
2,85,83.23712
2,84,78.75108
2,83,75.28376
2,82,71.7598
2,81,78.1855
2,80,79.20439
2,79,74.32284
2,78,76.63362
2,77,77.888336
2,76,82.854294
2,75,82.3797
2,74,85.88258
2,73,89.97377
2,72,89.92257
2,71,87.85008
2,70,82.85836
2,69,81.73431
2,68,76.042984
2,67,72.767914
2,66,70.759895
2,65,65.34159
2,64,60.791855
2,63,52.317513
2,62,48.229843
2,61,48.418938
2,60,50.011093
2,59,50.2041
2,58,48.565483
2,57,46.16353
2,56,47.928978
2,55,45.751045
2,54,44.379158
2,53,45.86652
2,52,46.326683
2,51,47.733818
2,50,45.929413
2,49,44.48687
2,48,42.71721
2,47,44.140045
2,46,41.241646
2,45,41.86773
2,44,42.35563
2,43,43.930153
2,42,41.199734
2,41,41.54981
2,40,40.389977
2,39,38.23004
2,38,35.209312
2,37,33.332375
2,36,32.473637
2,35,30.739992
2,34,30.42084
2,33,29.106138
2,32,30.183481
2,31,31.551353
2,30,31.288717
2,29,31.555513
2,28,30.743006
2,27,29.790043
2,26,27.819399
2,25,27.64194
2,24,27.93001
2,23,25.783663
2,22,24.954935
2,21,23.543962
2,20,22.116528
2,19,20.856836
2,18,18.470192
2,17,16.696667
2,16,13.385717
2,15,12.238012
2,14,11.26931
2,13,9.4866085
2,12,8.473364
2,11,7.037944
2,10,6.104953
2,9,5.4194183
2,8,4.6952896
2,7,4.4062285
2,6,3.973888
2,5,3.6963432
2,4,3.4425166
2,3,3.333932
2,2,3.214777
2,1,3.1725137
2,0,3.069973
3,125,116.11441
3,125,116.05942
3,125,115.999725
3,125,115.987366
3,125,115.928024
3,125,115.96805
3,125,115.99332
3,125,115.969444
3,125,115.91594
3,125,115.9489
3,125,115.98861
3,125,115.974434
3,125,115.89378
3,125,115.7697
3,125,115.82096
3,125,115.97514
3,125,115.81673
3,125,115.76256
3,125,115.74635
3,125,115.78148
3,125,115.774605
3,125,115.741684
3,125,115.70117
3,125,115.77264
3,125,115.67586
3,124,115.63796
3,123,115.5537
3,122,115.44763
3,121,115.14996
3,120,115.4388
3,119,115.11725
3,118,114.43423
3,117,113.5708
3,116,113.62864
3,115,113.05511
3,114,114.06383
3,113,114.40254
3,112,114.808304
3,111,114.78376
3,110,115.15154
3,109,115.23822
3,108,115.07355
3,107,114.828445
3,106,114.803314
3,105,114.68317
3,104,114.926544
3,103,113.784
3,102,112.995316
3,101,112.463776
3,100,111.783066
3,99,111.43682
3,98,110.278366
3,97,109.98317
3,96,110.4458
3,95,107.90567
3,94,105.81253
3,93,103.82618
3,92,103.65294
3,91,101.51228
3,90,104.09636
3,89,97.03316
3,88,96.254326
3,87,95.77207
3,86,94.38742
3,85,95.29025
3,84,96.331085
3,83,97.13374
3,82,95.989044
3,81,95.07782
3,80,96.42499
3,79,99.40176
3,78,101.22891
3,77,102.40256
3,76,107.11635
3,75,107.435555
3,74,108.977356
3,73,109.236465
3,72,107.74123
3,71,107.43395
3,70,107.41602
3,69,107.5331
3,68,104.13066
3,67,103.50496
3,66,101.47437
3,65,99.19694
3,64,96.40032
3,63,92.92838
3,62,95.2733
3,61,92.35191
3,60,90.46593
3,59,80.94683
3,58,81.5412
3,57,77.44339
3,56,69.60493
3,55,69.11044
3,54,68.882
3,53,66.361374
3,52,63.691082
3,51,62.30808
3,50,60.79998
3,49,61.44033
3,48,59.34639
3,47,55.339108
3,46,52.060783
3,45,48.77037
3,44,48.013344
3,43,45.56146
3,42,43.084618
3,41,42.72181
3,40,41.798023
3,39,39.667694
3,38,37.55597
3,37,35.24486
3,36,34.59225
3,35,33.869267
3,34,34.85613
3,33,35.407215
3,32,35.847664
3,31,35.939114
3,30,34.51016
3,29,34.31235
3,28,32.76298
3,27,31.653986
3,26,30.343855
3,25,28.551924
3,24,27.54553
3,23,25.396349
3,22,22.468775
3,21,20.26771
3,20,19.532465
3,19,19.802622
3,18,18.75758
3,17,18.154945
3,16,18.416094
3,15,17.953619
3,14,17.190435
3,13,16.458239
3,12,14.895855
3,11,13.552976
3,10,11.965182
3,9,10.046285
3,8,8.217635
3,7,7.0155745
3,6,5.6820755
3,5,4.684744
3,4,4.0171437
3,3,3.6192656
3,2,3.406719
3,1,3.185754
3,0,3.0777833
15,125,116.282776
15,125,116.27656
15,125,116.26797
15,125,116.25911
15,125,116.248535
15,125,116.23928
15,125,116.23992
15,125,116.23501
15,125,116.25357
15,125,116.25448
15,125,116.247986
15,125,116.24861
15,125,116.25575
15,125,116.25329
15,125,116.260475
15,125,116.26327
15,125,116.26511
15,125,116.24916
15,125,116.249275
15,125,116.24417
15,125,116.230865
15,125,116.21745
15,125,116.201866
15,125,116.21666
15,125,116.2233
15,125,116.21419
15,125,116.22166
15,125,116.227066
15,125,116.22865
15,125,116.21022
15,125,116.2041
15,125,116.208115
15,125,116.22201
15,125,116.20134
15,125,116.18599
15,125,116.146255
15,125,116.10779
15,125,116.04698
15,125,116.033676
15,125,116.05025
15,125,116.0562
15,125,116.01617
15,125,116.041855
15,125,116.07808
15,125,116.069
15,125,116.12738
15,125,116.10599
15,125,116.01091
15,125,116.028595
15,125,115.98218
15,125,115.97143
15,125,115.96997
15,125,115.95126
15,124,115.91708
15,123,115.91416
15,122,115.99642
15,121,116.0045
15,120,115.99603
15,119,116.02942
15,118,116.03248
15,117,115.96245
15,116,115.85487
15,115,115.754395
15,114,115.57666
15,113,115.35672
15,112,115.04811
15,111,115.00486
15,110,114.6064
15,109,114.33392
15,108,114.09918
15,107,114.32233
15,106,114.69373
15,105,114.87183
15,104,114.727905
15,103,114.48198
15,102,114.92741
15,101,114.63846
15,100,114.42566
15,99,114.676056
15,98,114.31099
15,97,114.44859
15,96,114.11345
15,95,113.56962
15,94,113.2941
15,93,112.55608
15,92,112.010345
15,91,110.90459
15,90,109.302086
15,89,110.895935
15,88,112.33026
15,87,112.19559
15,86,110.889206
15,85,110.68379
15,84,110.90254
15,83,108.56991
15,82,106.28612
15,81,104.423325
15,80,100.25714
15,79,95.52444
15,78,92.31708
15,77,91.81065
15,76,94.33628
15,75,91.32682
15,74,87.390114
15,73,84.477936
15,72,87.33884
15,71,87.76764
15,70,90.95125
15,69,94.173996
15,68,90.53957
15,67,89.09103
15,66,84.66554
15,65,80.84695
15,64,85.34686
15,63,81.36962
15,62,78.188995
15,61,77.18227
15,60,73.94327
15,59,75.556114
15,58,81.57863
15,57,82.51427
15,56,78.8203
15,55,88.160934
15,54,89.455505
15,53,82.5479
15,52,77.87723
15,51,72.642525
15,50,71.47679
15,49,67.864655
15,48,62.729782
15,47,62.859653
15,46,59.534466
15,45,57.84755
15,44,55.90545
15,43,49.436607
15,42,46.55832
15,41,42.136013
15,40,39.374634
15,39,38.312813
15,38,37.492535
15,37,37.39675
15,36,37.278484
15,35,38.336857
15,34,38.192627
15,33,39.174084
15,32,37.2848
15,31,37.81642
15,30,38.564392
15,29,40.372055
15,28,40.417145
15,27,39.40029
15,26,39.512142
15,25,38.5583
15,24,35.591377
15,23,33.86167
15,22,31.54659
15,21,30.798464
15,20,30.209265
15,19,29.512987
15,18,27.628183
15,17,26.82834
15,16,24.803276
15,15,23.48453
15,14,21.198359
15,13,19.357634
15,12,18.784616
15,11,17.114964
15,10,16.469442
15,9,15.69633
15,8,14.826601
15,7,14.837742
15,6,14.611193
15,5,13.092148
15,4,10.903806
15,3,9.335102
15,2,7.5824165
15,1,6.390793
15,0,5.514937
21,125,115.05988
21,125,114.45987
21,125,114.582245
21,125,113.26268
21,125,112.738464
21,125,108.41195
21,125,109.14411
21,125,105.31591
21,125,104.87893
21,125,106.252975
21,125,103.43674
21,125,108.631325
21,125,111.257324
21,125,110.88863
21,125,111.83336
21,125,109.56142
21,125,108.956116
21,125,110.41919
21,125,111.18204
21,125,113.11194
21,125,114.64184
21,125,114.52905
21,125,115.402306
21,125,115.250595
21,125,114.948746
21,125,114.50339
21,125,113.74037
21,125,114.3435
21,125,114.43883
21,125,114.59015
21,125,115.048836
21,125,114.71921
21,125,114.51605
21,125,114.41143
21,125,114.288055
21,125,113.91124
21,125,112.68001
21,125,108.5711
21,125,109.92433
21,125,112.260956
21,125,111.961426
21,124,114.05491
21,123,114.250336
21,122,114.30427
21,121,114.57267
21,120,113.93665
21,119,114.04126
21,118,114.01367
21,117,114.51016
21,116,114.06764
21,115,114.2622
21,114,113.61961
21,113,114.20795
21,112,114.48934
21,111,114.80949
21,110,115.110504
21,109,114.80577
21,108,114.908325
21,107,114.90145
21,106,115.04355
21,105,115.11533
21,104,114.80444
21,103,113.01906
21,102,109.674835
21,101,107.21588
21,100,101.99874
21,99,93.806786
21,98,80.885445
21,97,77.2247
21,96,90.90158
21,95,88.79382
21,94,97.31929
21,93,96.048294
21,92,99.44534
21,91,102.8
21,90,105.47638
21,89,104.583336
21,88,107.21551
21,87,107.82849
21,86,106.217575
21,85,106.7296
21,84,105.423996
21,83,105.065186
21,82,104.59571
21,81,103.092255
21,80,102.60826
21,79,101.20355
21,78,102.23336
21,77,101.264305
21,76,99.87363
21,75,102.10912
21,74,103.5399
21,73,100.47493
21,72,95.33555
21,71,94.50038
21,70,93.1293
21,69,93.37485
21,68,97.5231
21,67,101.11354
21,66,104.6493
21,65,105.41098
21,64,104.72877
21,63,105.01132
21,62,106.62564
21,61,106.48716
21,60,109.692505
21,59,108.062965
21,58,108.155914
21,57,107.463196
21,56,102.13211
21,55,102.88828
21,54,96.79404
21,53,90.08689
21,52,80.65764
21,51,66.9399
21,50,58.976788
21,49,51.928947
21,48,45.832184
21,47,41.96489
21,46,41.42586
21,45,43.051712
21,44,42.224197
21,43,42.093967
21,42,41.090443
21,41,40.319374
21,40,39.00972
21,39,38.413216
21,38,37.8241
21,37,36.73263
21,36,36.390556
21,35,36.729248
21,34,36.841213
21,33,37.805725
21,32,40.004013
21,31,40.275284
21,30,39.107162
21,29,37.081142
21,28,36.10795
21,27,34.22865
21,26,35.22084
21,25,34.22768
21,24,33.780384
21,23,33.64553
21,22,33.76427
21,21,32.45686
21,20,29.816263
21,19,28.089396
21,18,25.334291
21,17,23.198704
21,16,21.626299
21,15,19.232182
21,14,17.363905
21,13,13.965828
21,12,12.590536
21,11,10.542864
21,10,9.196851
21,9,7.7837
21,8,6.1946745
21,7,5.4614058
21,6,4.9064264
21,5,4.388969
21,4,3.9841418
21,3,3.6691365
21,2,3.404625
21,1,3.1919253
21,0,3.0632205
22,125,108.73839
22,125,110.47207
22,125,111.30896
22,125,112.49315
22,125,113.729935
22,125,114.01988
22,125,114.626755
22,125,114.7998
22,125,114.917404
22,125,114.87403
22,125,115.04899
22,125,114.92438
22,125,114.640175
22,125,114.16789
22,125,113.50644
22,125,112.780396
22,125,112.60083
22,125,112.60468
22,125,111.80906
22,125,111.29425
22,125,110.17229
22,125,108.90437
22,125,109.345566
22,125,108.15611
22,125,106.12582
22,125,101.35614
22,125,98.35412
22,125,97.20996
22,125,93.32789
22,125,95.66894
22,125,97.571686
22,125,98.33136
22,125,100.41246
22,125,106.22693
22,125,107.23392
22,125,108.50862
22,125,109.16051
22,125,110.06552
22,125,110.53714
22,125,109.05218
22,125,109.048355
22,125,109.39137
22,125,110.04537
22,125,110.56017
22,125,110.79593
22,125,112.11354
22,125,111.64465
22,125,112.10891
22,124,111.50336
22,123,111.9893
22,122,112.25447
22,121,111.68015
22,120,112.047806
22,119,111.71471
22,118,110.63881
22,117,111.38076
22,116,111.17305
22,115,110.71572
22,114,110.39125
22,113,111.33746
22,112,110.45616
22,111,109.57041
22,110,108.46983
22,109,107.45722
22,108,105.336754
22,107,104.842575
22,106,102.8506
22,105,102.618675
22,104,102.3082
22,103,100.455215
22,102,99.08738
22,101,101.153336
22,100,103.20358
22,99,103.86786
22,98,103.97149
22,97,104.31908
22,96,101.48801
22,95,99.15637
22,94,96.04785
22,93,93.81546
22,92,93.13628
22,91,89.81563
22,90,88.305145
22,89,84.28289
22,88,80.7151
22,87,80.369156
22,86,79.79661
22,85,78.00453
22,84,74.334885
22,83,71.510185
22,82,70.500046
22,81,67.85675
22,80,67.24341
22,79,69.223015
22,78,72.41744
22,77,74.44488
22,76,76.14576
22,75,78.874435
22,74,82.02958
22,73,84.102
22,72,83.51136
22,71,84.97366
22,70,85.67412
22,69,80.523926
22,68,75.31697
22,67,70.98933
22,66,68.451675
22,65,69.27594
22,64,68.84928
22,63,67.31917
22,62,65.85309
22,61,64.98578
22,60,62.899357
22,59,61.793194
22,58,61.681694
22,57,62.956635
22,56,62.590683
22,55,62.2145
22,54,59.448017
22,53,55.480034
22,52,55.10822
22,51,52.491043
22,50,51.57103
22,49,51.433907
22,48,50.942406
22,47,50.758133
22,46,48.3687
22,45,48.5722
22,44,48.5402
22,43,46.700806
22,42,45.08325
22,41,44.405975
22,40,43.156136
22,39,41.908432
22,38,41.7967
22,37,41.56836
22,36,40.27706
22,35,39.41973
22,34,38.47603
22,33,36.802418
22,32,34.893078
22,31,32.217342
22,30,30.61143
22,29,28.915394
22,28,27.119806
22,27,26.047937
22,26,26.107534
22,25,25.980553
22,24,22.527775
22,23,19.872492
22,22,19.007236
22,21,17.767721
22,20,17.21315
22,19,16.021706
22,18,15.416281
22,17,15.023857
22,16,14.567013
22,15,13.896191
22,14,12.290665
22,13,10.460672
22,12,9.693503
22,11,8.214716
22,10,7.520277
22,9,6.365981
22,8,5.7689347
22,7,5.0510616
22,6,4.6975336
22,5,4.1789675
22,4,3.9477568
22,3,3.7015455
22,2,3.6415157
22,1,3.4870644
22,0,3.3416247
24,117,112.203766
24,116,111.41402
24,115,112.32762
24,114,111.567474
24,113,111.202286
24,112,110.07356
24,111,110.084236
24,110,112.89517
24,109,112.637955
24,108,113.44696
24,107,112.17755
24,106,112.48065
24,105,112.71353
24,104,112.40283
24,103,113.869
24,102,114.33503
24,101,113.88511
24,100,113.46882
24,99,112.42685
24,98,111.41056
24,97,110.1642
24,96,108.76901
24,95,108.39149
24,94,108.12021
24,93,108.89841
24,92,109.618095
24,91,108.58618
24,90,105.346115
24,89,102.41678
24,88,104.35861
24,87,100.8567
24,86,96.71838
24,85,95.44175
24,84,92.42966
24,83,92.13819
24,82,89.68682
24,81,88.49173
24,80,92.18768
24,79,93.08127
24,78,93.43411
24,77,94.16669
24,76,90.86753
24,75,90.883606
24,74,92.88957
24,73,98.9017
24,72,102.43019
24,71,101.048546
24,70,101.44716
24,69,98.65561
24,68,100.61948
24,67,102.021255
24,66,103.563705
24,65,104.48563
24,64,107.36754
24,63,109.58247
24,62,111.30362
24,61,111.74716
24,60,108.90632
24,59,107.234024
24,58,108.30407
24,57,107.24105
24,56,103.65413
24,55,102.91977
24,54,97.799286
24,53,98.0479
24,52,96.06642
24,51,95.512924
24,50,91.38047
24,49,92.60744
24,48,84.50311
24,47,71.29852
24,46,59.77796
24,45,59.21521
24,44,55.02939
24,43,50.438553
24,42,48.756878
24,41,46.07009
24,40,45.40354
24,39,49.026653
24,38,52.585358
24,37,54.774162
24,36,56.424377
24,35,57.198444
24,34,53.52675
24,33,53.056877
24,32,53.997963
24,31,54.23288
24,30,53.399437
24,29,51.353874
24,28,53.311333
24,27,51.060867
24,26,49.951828
24,25,47.461796
24,24,45.005386
24,23,47.007996
24,22,43.450645
24,21,38.432518
24,20,33.45633
24,19,28.940039
24,18,25.895979
24,17,24.08003
24,16,23.01643
24,15,23.109613
24,14,21.499327
24,13,19.862936
24,12,18.49687
24,11,17.1884
24,10,15.681994
24,9,15.52406
24,8,15.043545
24,7,14.968857
24,6,14.411384
24,5,13.258448
24,4,11.173201
24,3,9.500771
24,2,7.886053
24,1,6.5471296
24,0,5.428403
30,125,116.2775
30,125,116.27072
30,125,116.27226
30,125,116.26996
30,125,116.259575
30,125,116.25538
30,125,116.2509
30,125,116.252014
30,125,116.239815
30,125,116.24023
30,125,116.21986
30,125,116.231384
30,125,116.226875
30,125,116.225845
30,125,116.224655
30,125,116.225235
30,125,116.239075
30,125,116.250145
30,125,116.24643
30,125,116.24123
30,125,116.2321
30,125,116.240395
30,125,116.24584
30,125,116.249886
30,125,116.23931
30,125,116.24939
30,125,116.23938
30,125,116.23919
30,125,116.24121
30,125,116.22188
30,125,116.22985
30,125,116.22532
30,125,116.21454
30,125,116.20357
30,125,116.2108
30,125,116.18897
30,125,116.15196
30,125,116.152405
30,125,116.14545
30,125,116.14998
30,124,116.10739
30,123,116.128365
30,122,116.09964
30,121,116.078285
30,120,116.082245
30,119,116.06392
30,118,116.069565
30,117,116.068665
30,116,116.077576
30,115,116.003845
30,114,115.994965
30,113,115.94229
30,112,115.934265
30,111,115.921234
30,110,115.920166
30,109,115.94599
30,108,115.927826
30,107,115.969604
30,106,116.05665
30,105,116.064316
30,104,116.06607
30,103,116.05031
30,102,115.97297
30,101,115.94859
30,100,115.93027
30,99,115.92015
30,98,115.85211
30,97,115.71504
30,96,115.540695
30,95,115.23398
30,94,114.57335
30,93,114.299904
30,92,114.0252
30,91,113.86999
30,90,113.76727
30,89,113.33432
30,88,111.80368
30,87,110.49565
30,86,110.420975
30,85,108.105545
30,84,105.46777
30,83,102.21297
30,82,100.81741
30,81,101.53972
30,80,102.81442
30,79,105.60359
30,78,107.482445
30,77,108.40796
30,76,110.69628
30,75,112.89204
30,74,113.59906
30,73,114.381836
30,72,114.268005
30,71,113.948135
30,70,114.0834
30,69,114.36759
30,68,114.24834
30,67,113.398605
30,66,112.173584
30,65,109.03837
30,64,105.461044
30,63,100.716255
30,62,103.19824
30,61,103.89369
30,60,102.70015
30,59,100.88092
30,58,89.43863
30,57,85.876526
30,56,81.8022
30,55,69.42693
30,54,63.773853
30,53,62.7589
30,52,60.998337
30,51,60.111343
30,50,58.73903
30,49,57.26776
30,48,56.256798
30,47,55.703407
30,46,51.65586
30,45,52.35994
30,44,50.211327
30,43,48.345154
30,42,42.899166
30,41,38.91558
30,40,39.109024
30,39,39.753014
30,38,40.53962
30,37,40.7926
30,36,40.09887
30,35,38.24833
30,34,38.275997
30,33,37.849277
30,32,37.919518
30,31,38.253586
30,30,36.95185
30,29,35.781403
30,28,35.63539
30,27,37.20913
30,26,37.324684
30,25,38.021915
30,24,36.709923
30,23,36.34691
30,22,37.291622
30,21,36.330128
30,20,34.139668
30,19,32.02552
30,18,28.705984
30,17,26.407152
30,16,24.213852
30,15,23.377157
30,14,21.952112
30,13,20.488535
30,12,18.741537
30,11,18.074791
30,10,17.298124
30,9,16.815725
30,8,16.797083
30,7,15.92654
30,6,14.8386345
30,5,13.563278
30,4,12.46735
30,3,11.109575
30,2,9.995924
30,1,8.427572
30,0,6.729333
38,125,109.770996
38,125,109.11601
38,125,111.22107
38,125,111.38953
38,125,112.43663
38,125,113.740616
38,125,113.94772
38,125,114.16516
38,125,114.21524
38,125,114.67165
38,125,114.18576
38,125,114.109566
38,125,112.77287
38,125,111.985504
38,125,112.973434
38,125,112.27845
38,125,112.68892
38,125,113.200645
38,125,113.70681
38,125,112.476166
38,125,111.5927
38,125,111.08441
38,125,107.48604
38,125,108.20326
38,125,109.22432
38,125,109.91433
38,125,109.13427
38,125,107.44464
38,125,107.69028
38,125,109.11293
38,125,107.169365
38,125,107.60957
38,125,108.66111
38,125,110.32662
38,125,111.81734
38,125,113.10523
38,125,113.050865
38,125,113.33365
38,125,113.0759
38,125,112.72071
38,124,112.83833
38,123,113.566414
38,122,113.94902
38,121,114.36853
38,120,114.65906
38,119,114.24191
38,118,113.94383
38,117,112.90355
38,116,112.67242
38,115,111.111435
38,114,109.11177
38,113,107.72016
38,112,109.18799
38,111,110.128075
38,110,110.64465
38,109,110.929726
38,108,110.13761
38,107,109.40498
38,106,108.268005
38,105,109.435425
38,104,107.52792
38,103,110.069565
38,102,111.66498
38,101,112.18944
38,100,112.4328
38,99,111.707985
38,98,111.06648
38,97,110.6418
38,96,109.068375
38,95,105.25515
38,94,103.405136
38,93,105.69189
38,92,106.63313
38,91,105.401306
38,90,101.26202
38,89,94.76367
38,88,92.03836
38,87,86.435356
38,86,87.01506
38,85,87.28459
38,84,94.454285
38,83,97.25168
38,82,101.430954
38,81,104.59245
38,80,104.57115
38,79,104.72556
38,78,104.171555
38,77,107.18702
38,76,107.7668
38,75,106.02229
38,74,105.1458
38,73,105.17247
38,72,106.187256
38,71,106.464226
38,70,106.748276
38,69,107.081604
38,68,106.571655
38,67,105.13617
38,66,103.56709
38,65,100.19356
38,64,97.087875
38,63,93.56731
38,62,90.58292
38,61,82.91911
38,60,80.20774
38,59,71.4875
38,58,69.26102
38,57,67.106125
38,56,64.59319
38,55,63.767845
38,54,63.24227
38,53,60.63814
38,52,55.54036
38,51,52.35666
38,50,49.90988
38,49,45.766693
38,48,40.85525
38,47,36.356255
38,46,32.892338
38,45,30.87273
38,44,30.743425
38,43,30.703003
38,42,30.721395
38,41,31.728682
38,40,32.314583
38,39,31.985773
38,38,30.843592
38,37,31.747793
38,36,32.738018
38,35,33.3324
38,34,33.617306
38,33,33.59209
38,32,33.312664
38,31,33.51898
38,30,33.88879
38,29,32.9453
38,28,31.195108
38,27,30.082396
38,26,27.264288
38,25,24.729744
38,24,23.158415
38,23,22.134047
38,22,20.565577
38,21,18.524986
38,20,15.884387
38,19,14.682255
38,18,13.203351
38,17,12.035341
38,16,10.799141
38,15,9.665693
38,14,8.799243
38,13,8.208215
38,12,7.4319305
38,11,7.1074276
38,10,6.3778315
38,9,5.2490273
38,8,4.643471
38,7,3.992765
38,6,3.7027662
38,5,3.4035497
38,4,3.2225223
38,3,3.1806886
38,2,3.0612087
38,1,3.0376117
38,0,2.974893
52,125,115.4758
52,125,115.40476
52,125,115.222565
52,125,115.30162
52,125,115.494156
52,125,115.703064
52,125,115.7178
52,125,115.61452
52,125,115.23477
52,125,114.794754
52,125,114.45032
52,125,113.63963
52,125,112.77206
52,125,113.328384
52,125,113.05905
52,125,114.250046
52,125,114.10048
52,125,113.10227
52,125,111.70596
52,125,109.72159
52,125,109.845215
52,125,108.37983
52,125,109.61571
52,125,107.57573
52,125,110.33125
52,125,112.54402
52,125,112.752304
52,125,110.14415
52,125,112.54262
52,125,112.34503
52,125,112.808365
52,125,113.202324
52,125,112.88251
52,125,113.61263
52,125,114.21915
52,125,114.74991
52,125,114.32371
52,125,113.96158
52,125,113.384445
52,125,113.07764
52,125,113.46474
52,125,111.94471
52,125,110.75316
52,125,111.042145
52,125,111.54025
52,125,111.924194
52,125,112.767456
52,125,111.57875
52,125,112.28164
52,125,113.03772
52,125,114.551125
52,125,114.69079
52,125,114.4893
52,125,114.49164
52,125,114.61593
52,125,114.402016
52,125,114.24812
52,125,113.17808
52,125,112.44572
52,124,110.57064
52,123,110.45256
52,122,109.71824
52,121,108.709755
52,120,106.73848
52,119,106.74483
52,118,106.286896
52,117,102.50026
52,116,94.08389
52,115,89.9435
52,114,82.93613
52,113,83.125824
52,112,75.42929
52,111,75.48164
52,110,76.6443
52,109,79.22296
52,108,87.36447
52,107,93.60144
52,106,95.15581
52,105,99.22798
52,104,97.69481
52,103,101.62569
52,102,103.82569
52,101,102.16384
52,100,106.58413
52,99,107.2722
52,98,109.341644
52,97,110.25482
52,96,109.525215
52,95,108.116516
52,94,105.714874
52,93,107.395645
52,92,105.28912
52,91,103.65691
52,90,101.44752
52,89,99.57399
52,88,97.95749
52,87,99.13165
52,86,96.032745
52,85,96.6947
52,84,101.35639
52,83,101.04701
52,82,100.78462
52,81,100.90816
52,80,101.5365
52,79,99.67323
52,78,99.86877
52,77,95.734505
52,76,94.056656
52,75,96.97302
52,74,94.90765
52,73,97.59113
52,72,97.73196
52,71,101.25812
52,70,104.03113
52,69,101.828
52,68,101.678566
52,67,100.4301
52,66,98.29346
52,65,96.13046
52,64,92.29928
52,63,90.25139
52,62,83.010635
52,61,79.43606
52,60,73.79286
52,59,68.52165
52,58,64.4785
52,57,59.789104
52,56,53.493317
52,55,50.972363
52,54,51.024933
52,53,47.651253
52,52,44.065056
52,51,39.790672
52,50,39.656605
52,49,39.568386
52,48,39.729965
52,47,42.247463
52,46,46.95674
52,45,48.997
52,44,47.305943
52,43,45.073875
52,42,44.30287
52,41,44.817917
52,40,42.97715
52,39,41.517597
52,38,38.2124
52,37,35.908676
52,36,33.872536
52,35,32.343746
52,34,31.256483
52,33,28.838863
52,32,27.89762
52,31,27.025162
52,30,25.280375
52,29,23.39818
52,28,22.300482
52,27,20.145802
52,26,18.378801
52,25,17.433115
52,24,16.523367
52,23,15.956274
52,22,15.606376
52,21,13.9324
52,20,12.154125
52,19,11.10222
52,18,9.999153
52,17,8.808871
52,16,8.43589
52,15,7.4927855
52,14,6.171091
52,13,5.4828997
52,12,4.8418546
52,11,4.4352655
52,10,4.000428
52,9,3.8098283
52,8,3.5612419
52,7,3.3929975
52,6,3.2618437
52,5,3.2448058
52,4,3.1453247
52,3,3.1041334
52,2,3.0576513
52,1,3.0553377
52,0,3.0328324
53,125,102.01019
53,125,98.75255
53,125,98.485466
53,125,103.72809
53,125,104.164635
53,125,104.83342
53,125,108.39361
53,125,108.76495
53,125,110.576035
53,125,110.57268
53,125,110.91226
53,125,113.06575
53,125,114.04818
53,125,113.69435
53,125,113.65085
53,125,115.06676
53,125,115.31181
53,125,115.31528
53,125,115.26184
53,125,115.112465
53,125,115.31078
53,125,115.67505
53,125,115.55189
53,125,115.243385
53,125,114.29225
53,125,113.28792
53,125,113.28514
53,125,111.990425
53,125,108.84837
53,125,107.501305
53,125,106.09363
53,125,107.23273
53,125,101.14758
53,125,101.284744
53,125,101.108444
53,125,105.34871
53,125,108.47039
53,125,106.211815
53,125,109.80455
53,125,107.15814
53,125,106.47594
53,124,107.46422
53,123,106.57265
53,122,103.630005
53,121,99.2697
53,120,104.0386
53,119,101.24077
53,118,99.746506
53,117,102.61415
53,116,104.523544
53,115,109.73126
53,114,111.9662
53,113,111.688644
53,112,111.086494
53,111,111.92439
53,110,111.7554
53,109,110.817535
53,108,109.81302
53,107,107.59529
53,106,107.36302
53,105,105.709564
53,104,106.89984
53,103,103.95885
53,102,103.175095
53,101,103.952896
53,100,104.79146
53,99,104.04227
53,98,105.47063
53,97,108.83643
53,96,106.65681
53,95,104.57274
53,94,103.01452
53,93,102.83104
53,92,100.314606
53,91,99.210335
53,90,102.15051
53,89,101.54728
53,88,101.56566
53,87,100.58133
53,86,104.74567
53,85,106.41824
53,84,106.97599
53,83,108.008286
53,82,108.23294
53,81,104.200005
53,80,103.30643
53,79,100.8781
53,78,97.38688
53,77,98.251495
53,76,97.947235
53,75,98.03286
53,74,97.0961
53,73,91.68735
53,72,87.172356
53,71,81.38251
53,70,74.44113
53,69,69.7955
53,68,72.9388
53,67,68.674515
53,66,64.32399
53,65,64.95396
53,64,66.5643
53,63,68.313385
53,62,70.0688
53,61,69.17011
53,60,73.867516
53,59,74.56514
53,58,76.49836
53,57,76.49063
53,56,79.14211
53,55,82.19589
53,54,83.27075
53,53,80.327255
53,52,75.90396
53,51,73.09029
53,50,74.78929
53,49,74.82372
53,48,76.657936
53,47,77.53013
53,46,73.73011
53,45,71.56184
53,44,62.363808
53,43,59.894043
53,42,52.71452
53,41,48.04286
53,40,46.894337
53,39,44.947662
53,38,43.954563
53,37,45.146477
53,36,46.347195
53,35,46.804363
53,34,46.223892
53,33,45.231358
53,32,43.00349
53,31,39.008755
53,30,38.06849
53,29,36.49411
53,28,35.291965
53,27,33.285927
53,26,30.423794
53,25,28.032158
53,24,27.581186
53,23,26.040796
53,22,24.948008
53,21,23.503332
53,20,21.994219
53,19,21.425076
53,18,21.147467
53,17,19.704771
53,16,18.165262
53,15,16.539625
53,14,14.306135
53,13,12.944243
53,12,10.67883
53,11,8.5546875
53,10,7.335173
53,9,5.8804984
53,8,5.1375194
53,7,4.576887
53,6,4.005318
53,5,3.6909924
53,4,3.400847
53,3,3.226499
53,2,3.1066914
53,1,3.0421352
53,0,2.998283
61,125,116.278465
61,125,116.27483
61,125,116.26521
61,125,116.2677
61,125,116.2672
61,125,116.26431
61,125,116.26787
61,125,116.261925
61,125,116.261215
61,125,116.266235
61,125,116.264755
61,125,116.263565
61,125,116.26343
61,125,116.262634
61,125,116.26633
61,125,116.26337
61,125,116.26286
61,125,116.25398
61,125,116.24693
61,125,116.24955
61,125,116.25606
61,125,116.259705
61,125,116.25986
61,125,116.25267
61,125,116.25446
61,125,116.25925
61,125,116.246956
61,125,116.229416
61,125,116.2177
61,125,116.208115
61,125,116.2049
61,124,116.19542
61,123,116.17732
61,122,116.18776
61,121,116.219505
61,120,116.23178
61,119,116.251724
61,118,116.244965
61,117,116.24669
61,116,116.22524
61,115,116.228745
61,114,116.208435
61,113,116.200516
61,112,116.178314
61,111,116.16272
61,110,116.146126
61,109,116.11805
61,108,116.10016
61,107,116.033646
61,106,116.00612
61,105,116.01265
61,104,115.98424
61,103,115.96017
61,102,116.02848
61,101,116.015045
61,100,116.01436
61,99,115.960175
61,98,115.89659
61,97,115.86841
61,96,115.83117
61,95,115.79924
61,94,115.68183
61,93,115.50911
61,92,115.56941
61,91,115.50508
61,90,115.45131
61,89,115.65416
61,88,115.60446
61,87,115.7761
61,86,115.83226
61,85,115.95525
61,84,115.85286
61,83,115.87086
61,82,115.81843
61,81,115.70404
61,80,115.66509
61,79,115.61222
61,78,115.56125
61,77,115.38725
61,76,115.23726
61,75,115.16037
61,74,114.54543
61,73,114.418045
61,72,114.437325
61,71,113.57225
61,70,112.65774
61,69,111.46248
61,68,109.19461
61,67,105.210144
61,66,100.4509
61,65,93.802086
61,64,88.397705
61,63,84.395134
61,62,83.06189
61,61,84.01527
61,60,84.117355
61,59,82.95564
61,58,82.12565
61,57,81.99892
61,56,79.36702
61,55,78.363075
61,54,75.17228
61,53,72.70034
61,52,74.593445
61,51,74.81188
61,50,68.1563
61,49,63.93778
61,48,60.058327
61,47,54.92714
61,46,51.874344
61,45,50.818287
61,44,48.921654
61,43,52.251274
61,42,51.99778
61,41,53.243652
61,40,52.3475
61,39,54.67338
61,38,53.95835
61,37,51.83844
61,36,49.681072
61,35,45.791523
61,34,45.50006
61,33,43.42172
61,32,45.62417
61,31,45.45368
61,30,44.08686
61,29,41.48358
61,28,38.663857
61,27,38.91945
61,26,36.808357
61,25,35.958733
61,24,33.35535
61,23,33.29341
61,22,33.366714
61,21,31.36357
61,20,25.744528
61,19,23.619825
61,18,22.954824
61,17,22.53004
61,16,21.912043
61,15,21.668451
61,14,19.947802
61,13,19.35304
61,12,17.815052
61,11,16.321587
61,10,15.268221
61,9,13.85307
61,8,14.121586
61,7,14.355168
61,6,13.720265
61,5,12.611982
61,4,11.927419
61,3,10.023596
61,2,9.191631
61,1,8.0546665
61,0,6.7548213
64,125,109.79051
64,125,109.997475
64,125,110.20957
64,125,109.58145
64,125,111.31956
64,125,111.07092
64,125,111.68391
64,125,113.1209
64,125,113.57524
64,125,113.93959
64,125,114.41884
64,125,115.02555
64,125,115.05832
64,125,115.00488
64,125,115.21049
64,125,115.1705
64,125,115.49586
64,125,115.59964
64,125,115.57666
64,125,115.55501
64,125,115.74425
64,125,115.709305
64,125,115.54419
64,125,115.43178
64,125,115.31447
64,125,115.627
64,125,115.75058
64,125,115.4975
64,125,115.0835
64,125,114.71627
64,125,114.09852
64,125,113.82806
64,125,114.226135
64,125,113.78959
64,125,114.17464
64,125,113.88585
64,125,113.95526
64,125,114.77418
64,125,115.30872
64,125,115.31144
64,125,115.1033
64,125,114.65729
64,125,114.22676
64,125,113.99132
64,125,114.09896
64,125,113.500175
64,125,113.89311
64,125,113.379135
64,125,111.8867
64,125,111.306656
64,125,113.42247
64,125,113.62787
64,125,114.10968
64,125,113.756516
64,125,113.21557
64,125,114.44606
64,125,114.70596
64,125,114.24991
64,125,113.195045
64,125,113.6467
64,125,112.88126
64,125,112.43383
64,125,112.4503
64,125,110.71195
64,125,110.056625
64,125,107.05976
64,125,103.134735
64,125,105.87625
64,125,108.897964
64,125,107.84602
64,125,105.17894
64,125,103.73058
64,125,106.54346
64,125,109.152916
64,125,111.118256
64,125,111.34452
64,125,108.952286
64,125,106.68641
64,125,104.12603
64,125,102.54297
64,125,103.93776
64,125,103.00635
64,125,106.09924
64,125,108.10122
64,125,110.13414
64,125,112.66252
64,125,113.515976
64,125,113.96771
64,125,114.08498
64,125,114.31767
64,125,114.11459
64,125,114.52527
64,125,113.74979
64,125,113.568115
64,125,113.450935
64,125,112.512436
64,125,111.765816
64,125,112.41757
64,125,112.4464
64,125,112.222305
64,125,112.54548
64,125,111.860016
64,125,112.60393
64,125,113.16702
64,125,113.096405
64,125,112.54949
64,125,110.39211
64,125,110.276825
64,125,108.74083
64,125,103.78479
64,125,103.56662
64,125,101.944496
64,125,103.66188
64,125,104.61874
64,125,105.540726
64,125,109.09952
64,125,108.74203
64,125,110.28772
64,125,110.15703
64,125,110.63011
64,125,112.12258
64,125,112.96361
64,125,112.265594
64,125,110.9427
64,125,108.92308
64,125,107.36961
64,125,100.278275
64,125,96.65697
64,125,94.14518
64,124,91.72185
64,123,89.88611
64,122,87.11644
64,121,82.651794
64,120,82.57948
64,119,81.78952
64,118,83.426865
64,117,86.40544
64,116,92.831055
64,115,98.41792
64,114,96.93953
64,113,99.00021
64,112,98.73581
64,111,98.2113
64,110,98.79477
64,109,96.81503
64,108,97.09056
64,107,98.649574
64,106,98.41957
64,105,98.8835
64,104,98.13475
64,103,97.407394
64,102,94.51849
64,101,91.28859
64,100,86.34187
64,99,83.2854
64,98,80.92183
64,97,72.95949
64,96,72.25669
64,95,74.17079
64,94,75.1481
64,93,75.91259
64,92,80.901245
64,91,79.1944
64,90,81.87915
64,89,87.83441
64,88,88.8084
64,87,91.52437
64,86,96.48833
64,85,97.50461
64,84,97.72661
64,83,99.41679
64,82,99.35815
64,81,99.41295
64,80,99.72124
64,79,98.33132
64,78,97.53218
64,77,93.940765
64,76,90.75716
64,75,87.6452
64,74,80.55577
64,73,76.04739
64,72,69.07454
64,71,68.357086
64,70,67.14829
64,69,69.609795
64,68,67.50097
64,67,64.29082
64,66,61.38462
64,65,60.298542
64,64,55.70317
64,63,52.558548
64,62,50.470234
64,61,47.55883
64,60,48.886166
64,59,49.416576
64,58,46.559002
64,57,44.53479
64,56,43.48458
64,55,43.01569
64,54,41.152973
64,53,40.360928
64,52,39.580338
64,51,40.58529
64,50,39.398785
64,49,38.06312
64,48,37.6731
64,47,37.117313
64,46,35.66115
64,45,33.458046
64,44,33.73329
64,43,29.783323
64,42,28.879555
64,41,27.581158
64,40,28.410772
64,39,28.640814
64,38,27.382105
64,37,24.73483
64,36,23.249582
64,35,22.409742
64,34,21.481628
64,33,21.679132
64,32,20.877354
64,31,18.894066
64,30,17.686909
64,29,16.266548
64,28,14.632859
64,27,13.985363
64,26,12.837316
64,25,12.036953
64,24,11.037573
64,23,9.704
64,22,8.364526
64,21,7.69355
64,20,6.986426
64,19,6.262793
64,18,5.692839
64,17,4.854649
64,16,4.425421
64,15,4.031941
64,14,3.827187
64,13,3.647937
64,12,3.466362
64,11,3.3934002
64,10,3.2877862
64,9,3.2621386
64,8,3.219798
64,7,3.191506
64,6,3.1320171
64,5,3.0951865
64,4,3.0686395
64,3,3.0983806
64,2,3.0713253
64,1,3.0694315
64,0,3.0478601
72,125,115.798
72,125,115.75253
72,125,115.72028
72,125,115.60447
72,125,115.81084
72,125,115.85202
72,125,115.82666
72,125,115.792854
72,125,115.65242
72,125,115.69431
72,125,115.69094
72,125,115.582275
72,125,115.449875
72,125,115.31109
72,125,115.45619
72,125,115.24228
72,125,114.95343
72,125,114.52758
72,125,114.86095
72,125,113.81081
72,125,113.35532
72,125,112.33949
72,125,111.58506
72,125,111.86021
72,125,110.35268
72,125,109.789795
72,125,108.56958
72,125,110.46513
72,125,110.70984
72,125,107.85851
72,125,106.50191
72,125,104.41086
72,125,103.80776
72,125,104.46982
72,125,107.19435
72,125,107.845474
72,125,108.97725
72,125,110.930725
72,125,112.63963
72,125,114.039825
72,125,114.79409
72,125,115.046265
72,125,115.21553
72,125,115.114426
72,125,115.22356
72,125,114.81955
72,125,114.55451
72,125,114.94408
72,125,114.75318
72,125,112.78566
72,125,113.440765
72,125,114.87221
72,125,114.63177
72,125,114.50129
72,125,114.384995
72,125,114.79602
72,125,114.88882
72,125,114.799194
72,125,114.33944
72,124,113.314835
72,123,112.14232
72,122,111.06134
72,121,109.19687
72,120,109.603775
72,119,110.716934
72,118,108.17955
72,117,102.13376
72,116,104.10771
72,115,101.619026
72,114,105.84981
72,113,103.10228
72,112,101.265854
72,111,103.844315
72,110,96.52409
72,109,100.73765
72,108,96.66661
72,107,98.399765
72,106,97.196526
72,105,96.872284
72,104,88.86319
72,103,99.46679
72,102,106.71358
72,101,105.67486
72,100,106.82701
72,99,109.917725
72,98,112.85542
72,97,113.96021
72,96,114.255356
72,95,114.08069
72,94,113.572266
72,93,114.13922
72,92,114.713776
72,91,114.331955
72,90,114.30261
72,89,114.464615
72,88,114.6888
72,87,112.91293
72,86,112.06036
72,85,112.644905
72,84,112.62239
72,83,109.9973
72,82,108.84917
72,81,106.418755
72,80,103.53215
72,79,97.139465
72,78,90.16608
72,77,89.26777
72,76,93.83476
72,75,91.73538
72,74,89.43813
72,73,89.9777
72,72,87.755005
72,71,84.29409
72,70,78.478516
72,69,75.041565
72,68,75.38119
72,67,76.487335
72,66,79.564476
72,65,88.9476
72,64,88.359215
72,63,100.21471
72,62,104.02647
72,61,102.88421
72,60,102.31868
72,59,101.3206
72,58,101.784706
72,57,100.48022
72,56,95.79396
72,55,96.27429
72,54,91.54785
72,53,83.05572
72,52,81.92131
72,51,77.67751
72,50,72.619835
72,49,65.95919
72,48,60.656204
72,47,59.058926
72,46,56.91353
72,45,49.04863
72,44,41.782314
72,43,37.62524
72,42,39.375984
72,41,40.816246
72,40,40.99347
72,39,44.399445
72,38,45.5674
72,37,46.77542
72,36,45.242554
72,35,45.01345
72,34,43.294495
72,33,43.07121
72,32,41.899136
72,31,44.073135
72,30,43.47306
72,29,43.89266
72,28,44.026318
72,27,46.351578
72,26,45.859238
72,25,45.67563
72,24,42.814453
72,23,45.03849
72,22,43.129246
72,21,43.146793
72,20,43.695488
72,19,41.460194
72,18,40.12093
72,17,35.637054
72,16,31.945227
72,15,29.719389
72,14,26.764925
72,13,23.518202
72,12,22.189943
72,11,20.211655
72,10,17.62544
72,9,15.92585
72,8,15.067971
72,7,13.923284
72,6,11.011738
72,5,10.308304
72,4,8.600973
72,3,7.390356
72,2,6.3997536
72,1,5.8636513
72,0,5.290975
75,125,114.91925
75,125,114.764145
75,125,114.794815
75,125,114.325455
75,125,113.495316
75,125,113.16142
75,125,111.60805
75,125,111.730194
75,125,112.14449
75,125,112.93364
75,125,113.3273
75,125,114.09573
75,125,114.46034
75,125,114.628044
75,125,114.75902
75,125,114.10765
75,125,113.74954
75,125,113.744125
75,125,113.523315
75,125,112.41488
75,125,110.8004
75,125,108.63834
75,125,110.86662
75,125,112.07692
75,125,112.4557
75,125,113.54823
75,125,113.58474
75,125,113.86574
75,125,114.44379
75,125,115.13775
75,125,115.28685
75,125,115.135666
75,125,115.20762
75,125,115.0242
75,125,114.83244
75,125,114.731064
75,125,114.951775
75,125,115.3593
75,125,115.23976
75,125,115.366714
75,125,115.27466
75,125,115.29817
75,125,115.218185
75,125,114.80985
75,125,114.90802
75,125,113.898865
75,125,113.2352
75,125,112.560776
75,125,112.60447
75,125,111.0943
75,125,107.716545
75,125,101.8226
75,125,98.903625
75,125,97.16698
75,125,94.30138
75,125,95.63664
75,125,96.189125
75,125,100.40182
75,125,101.18739
75,125,104.898506
75,125,106.35397
75,125,106.248474
75,125,106.64732
75,125,107.69416
75,125,107.285614
75,125,109.46646
75,125,112.100784
75,125,113.644875
75,125,113.57603
75,125,113.89896
75,125,114.05818
75,125,114.66713
75,125,114.90198
75,125,114.75453
75,125,114.96077
75,124,114.76997
75,123,114.905136
75,122,114.56076
75,121,114.643295
75,120,114.05742
75,119,112.871185
75,118,111.09473
75,117,109.541245
75,116,107.208664
75,115,105.78087
75,114,105.53085
75,113,104.28122
75,112,102.18715
75,111,101.795654
75,110,98.79366
75,109,101.344536
75,108,97.90462
75,107,90.99319
75,106,87.75534
75,105,85.6172
75,104,85.40227
75,103,91.61654
75,102,95.81006
75,101,94.96928
75,100,98.028625
75,99,97.35113
75,98,101.06639
75,97,101.964424
75,96,103.97163
75,95,105.82027
75,94,105.51107
75,93,106.85063
75,92,106.042175
75,91,103.50454
75,90,101.58768
75,89,98.19797
75,88,96.038124
75,87,93.35231
75,86,94.02382
75,85,94.76532
75,84,94.50026
75,83,95.10693
75,82,95.02374
75,81,99.87873
75,80,98.654526
75,79,98.35674
75,78,97.57429
75,77,97.74155
75,76,99.26955
75,75,102.08267
75,74,103.221725
75,73,106.50975
75,72,108.00425
75,71,109.13788
75,70,109.236786
75,69,108.83308
75,68,108.84352
75,67,108.566956
75,66,108.28465
75,65,104.50214
75,64,100.10933
75,63,98.304985
75,62,93.94539
75,61,88.5022
75,60,85.91104
75,59,85.32013
75,58,76.81259
75,57,68.07324
75,56,61.440506
75,55,57.539944
75,54,51.945816
75,53,49.139225
75,52,46.761963
75,51,46.22255
75,50,45.01636
75,49,44.01367
75,48,44.825905
75,47,43.548218
75,46,41.22943
75,45,40.662285
75,44,39.293396
75,43,41.59207
75,42,42.069267
75,41,42.704773
75,40,43.019444
75,39,43.479923
75,38,42.84858
75,37,42.197
75,36,39.894363
75,35,38.983704
75,34,38.478073
75,33,38.038628
75,32,35.71025
75,31,33.90385
75,30,33.087627
75,29,31.0175
75,28,28.405695
75,27,26.728506
75,26,25.060493
75,25,22.502474
75,24,20.150255
75,23,20.044786
75,22,19.241608
75,21,17.705406
75,20,16.625597
75,19,16.136972
75,18,15.301935
75,17,15.026599
75,16,14.846159
75,15,13.674795
75,14,12.837467
75,13,12.815714
75,12,12.466845
75,11,12.320684
75,10,11.354052
75,9,9.895659
75,8,8.507483
75,7,7.470972
75,6,6.42905
75,5,5.5586247
75,4,4.9883637
75,3,4.5645695
75,2,4.314354
75,1,4.0424824
75,0,3.957644
83,125,116.28003
83,125,116.27578
83,125,116.27161
83,125,116.27428
83,125,116.27539
83,125,116.27579
83,125,116.270035
83,125,116.27289
83,125,116.267975
83,125,116.26462
83,125,116.26459
83,125,116.25929
83,125,116.26424
83,125,116.27142
83,125,116.27687
83,125,116.2684
83,125,116.266624
83,125,116.26143
83,125,116.254616
83,125,116.25461
83,125,116.274414
83,125,116.2617
83,125,116.27205
83,125,116.276855
83,125,116.278755
83,125,116.27516
83,125,116.274956
83,125,116.273415
83,125,116.2708
83,125,116.27026
83,125,116.2707
83,125,116.26524
83,125,116.26203
83,125,116.2663
83,125,116.268364
83,125,116.2634
83,125,116.26815
83,125,116.26592
83,125,116.259575
83,125,116.260056
83,125,116.25857
83,125,116.26068
83,125,116.25287
83,125,116.256256
83,125,116.25876
83,125,116.24567
83,125,116.240875
83,125,116.24659
83,125,116.25116
83,125,116.26095
83,125,116.263275
83,125,116.265015
83,125,116.267624
83,125,116.27019
83,125,116.265335
83,125,116.26541
83,125,116.26047
83,125,116.259735
83,125,116.26247
83,125,116.26478
83,125,116.26415
83,125,116.26113
83,125,116.25272
83,125,116.2581
83,125,116.24993
83,125,116.24477
83,125,116.238495
83,125,116.226395
83,125,116.21719
83,125,116.235565
83,125,116.242584
83,125,116.24799
83,125,116.23051
83,125,116.22269
83,125,116.233444
83,125,116.22787
83,125,116.24397
83,125,116.24405
83,125,116.22975
83,125,116.21973
83,125,116.217804
83,125,116.206894
83,125,116.20064
83,125,116.17427
83,125,116.14663
83,125,116.165245
83,125,116.1792
83,125,116.18257
83,125,116.13577
83,125,116.097694
83,125,116.10521
83,125,116.118
83,125,116.10881
83,125,116.09329
83,125,116.00679
83,125,115.99948
83,125,116.05367
83,125,116.08421
83,125,116.081665
83,125,116.10033
83,125,116.14749
83,125,116.16948
83,125,116.142395
83,125,116.10367
83,125,116.10189
83,125,116.073204
83,125,116.03795
83,125,116.065414
83,125,116.0219
83,125,115.97419
83,125,116.0177
83,125,116.02863
83,125,116.016426
83,125,115.9691
83,125,115.8488
83,125,115.84184
83,125,115.80661
83,125,115.6475
83,125,115.045
83,125,113.53807
83,125,113.132614
83,125,113.18016
83,125,113.03044
83,125,113.51463
83,125,113.64232
83,125,114.411736
83,125,115.13661
83,125,115.45897
83,125,115.31312
83,125,115.45706
83,125,115.3601
83,125,115.267235
83,125,114.66379
83,125,114.26788
83,125,113.97212
83,125,113.83899
83,125,113.24919
83,125,112.81738
83,125,112.245514
83,124,112.15811
83,123,112.25081
83,122,111.79436
83,121,111.57861
83,120,112.61087
83,119,110.89999
83,118,111.45789
83,117,112.04545
83,116,111.53302
83,115,110.29074
83,114,108.41123
83,113,109.959816
83,112,111.251495
83,111,112.06296
83,110,112.023285
83,109,110.95561
83,108,110.0927
83,107,108.56175
83,106,106.99489
83,105,99.68825
83,104,101.187744
83,103,96.38966
83,102,93.94223
83,101,89.53807
83,100,91.780594
83,99,89.54794
83,98,92.840744
83,97,89.715485
83,96,86.52456
83,95,86.944374
83,94,84.39199
83,93,82.244446
83,92,81.21936
83,91,84.46593
83,90,90.40393
83,89,85.403206
83,88,86.74967
83,87,90.04376
83,86,87.49743
83,85,86.96176
83,84,85.69223
83,83,92.29667
83,82,98.052956
83,81,99.004166
83,80,95.29474
83,79,89.08635
83,78,86.999504
83,77,82.42708
83,76,83.19884
83,75,82.07671
83,74,84.84291
83,73,88.05515
83,72,91.01218
83,71,94.40315
83,70,93.16394
83,69,88.17171
83,68,85.42943
83,67,84.29756
83,66,81.55191
83,65,79.494316
83,64,75.71087
83,63,74.46478
83,62,74.76596
83,61,76.06457
83,60,73.18682
83,59,72.103195
83,58,71.742584
83,57,71.88836
83,56,67.98189
83,55,65.54212
83,54,64.58423
83,53,57.532997
83,52,54.16526
83,51,47.94526
83,50,46.936188
83,49,45.13486
83,48,47.138367
83,47,51.197525
83,46,54.55736
83,45,55.444374
83,44,58.25686
83,43,58.655617
83,42,58.97441
83,41,54.722885
83,40,50.566223
83,39,47.68517
83,38,46.605026
83,37,49.021954
83,36,48.462196
83,35,53.389442
83,34,58.27298
83,33,56.053158
83,32,56.814552
83,31,52.908974
83,30,51.58569
83,29,49.434273
83,28,45.481667
83,27,43.10973
83,26,39.67067
83,25,36.279167
83,24,32.57923
83,23,30.397905
83,22,28.321737
83,21,27.10904
83,20,26.456196
83,19,25.359941
83,18,24.401426
83,17,25.337465
83,16,26.034178
83,15,23.440817
83,14,20.69894
83,13,19.495598
83,12,17.243206
83,11,14.913904
83,10,12.482016
83,9,10.65291
83,8,9.665379
83,7,8.916546
83,6,8.212873
83,5,7.72223
83,4,7.1004467
83,3,6.344738
83,2,5.650187
83,1,5.087597
83,0,4.5060797
85,125,113.86757
85,125,114.30132
85,125,114.78401
85,125,115.03816
85,125,115.02073
85,125,115.30162
85,125,115.670715
85,125,115.43625
85,125,115.46599
85,125,115.657005
85,125,115.270004
85,125,115.13849
85,125,114.99424
85,125,114.11252
85,125,114.08672
85,125,113.369675
85,125,113.90066
85,125,113.94797
85,125,114.50709
85,125,114.493546
85,125,114.42151
85,125,114.13199
85,125,113.942345
85,125,113.37125
85,125,113.170784
85,125,112.45529
85,125,113.77414
85,125,114.14273
85,125,114.23419
85,125,114.29284
85,125,113.74765
85,125,114.4892
85,125,115.06058
85,125,115.65674
85,124,115.84334
85,123,115.72111
85,122,115.82794
85,121,115.6536
85,120,115.75148
85,119,115.78735
85,118,115.48869
85,117,115.23203
85,116,115.2677
85,115,114.848434
85,114,114.62804
85,113,113.65152
85,112,113.22708
85,111,113.34917
85,110,112.82706
85,109,110.66877
85,108,107.69182
85,107,104.935
85,106,101.97414
85,105,108.03823
85,104,99.452034
85,103,95.845955
85,102,96.925385
85,101,91.61357
85,100,91.05029
85,99,94.752014
85,98,99.64844
85,97,104.80905
85,96,106.91289
85,95,109.10335
85,94,111.67383
85,93,110.28523
85,92,111.68201
85,91,112.70448
85,90,113.14044
85,89,111.59943
85,88,110.783195
85,87,110.18378
85,86,109.7491
85,85,108.63699
85,84,107.315254
85,83,102.68402
85,82,99.61836
85,81,93.9217
85,80,92.73976
85,79,93.31976
85,78,93.390625
85,77,98.20485
85,76,98.08266
85,75,94.403625
85,74,83.05261
85,73,83.88972
85,72,82.57608
85,71,76.532166
85,70,71.45991
85,69,72.23725
85,68,79.719406
85,67,83.47858
85,66,86.68524
85,65,83.47172
85,64,85.940765
85,63,85.85382
85,62,91.93987
85,61,91.927444
85,60,89.20547
85,59,86.44203
85,58,87.9116
85,57,85.98994
85,56,86.84007
85,55,84.34146
85,54,79.156006
85,53,77.271736
85,52,79.399506
85,51,78.62078
85,50,82.52435
85,49,87.347435
85,48,89.21008
85,47,90.51097
85,46,86.52566
85,45,83.58574
85,44,86.21037
85,43,88.13195
85,42,85.558945
85,41,81.706665
85,40,76.4373
85,39,72.320076
85,38,68.40155
85,37,62.133442
85,36,56.70744
85,35,50.49434
85,34,45.47515
85,33,41.606102
85,32,41.681156
85,31,41.441666
85,30,39.741398
85,29,40.257812
85,28,37.999397
85,27,37.359833
85,26,35.815243
85,25,32.873505
85,24,31.58189
85,23,31.828321
85,22,32.210712
85,21,32.089108
85,20,30.831438
85,19,30.127394
85,18,29.646215
85,17,29.233702
85,16,26.568872
85,15,24.694195
85,14,23.124037
85,13,20.367176
85,12,18.501083
85,11,17.233383
85,10,15.890815
85,9,14.342146
85,8,13.127554
85,7,12.249981
85,6,10.653376
85,5,9.4336815
85,4,8.112789
85,3,7.0079813
85,2,6.2724624
85,1,5.305869
85,0,4.6253057
87,125,109.287094
87,125,105.98214
87,125,107.22153
87,125,110.49446
87,125,111.992386
87,125,113.499695
87,125,114.473404
87,125,114.927025
87,125,115.14311
87,125,114.977425
87,125,115.25519
87,125,115.51353
87,125,115.491425
87,125,115.24999
87,125,115.303116
87,125,115.34158
87,125,115.288956
87,125,114.82765
87,125,114.657364
87,125,113.27545
87,125,111.518616
87,125,110.805435
87,125,109.99869
87,125,111.62333
87,124,110.4447
87,123,108.40203
87,122,109.84842
87,121,108.76502
87,120,109.583954
87,119,104.7758
87,118,101.686844
87,117,93.47395
87,116,95.291756
87,115,96.655
87,114,91.54413
87,113,93.839
87,112,93.90183
87,111,95.7085
87,110,93.95677
87,109,90.445435
87,108,92.69413
87,107,95.4257
87,106,94.980415
87,105,90.51073
87,104,94.63072
87,103,102.058426
87,102,106.4116
87,101,108.00484
87,100,109.43085
87,99,110.05013
87,98,111.00927
87,97,111.410934
87,96,111.74954
87,95,111.9407
87,94,113.030136
87,93,113.41556
87,92,113.74931
87,91,113.69149
87,90,113.14484
87,89,111.652176
87,88,111.48259
87,87,110.67053
87,86,109.00549
87,85,107.77057
87,84,101.38512
87,83,100.62832
87,82,96.82844
87,81,93.90568
87,80,90.218506
87,79,94.29793
87,78,97.11155
87,77,95.81207
87,76,100.75108
87,75,99.143524
87,74,100.34451
87,73,101.56084
87,72,101.32359
87,71,103.57332
87,70,103.14551
87,69,101.780975
87,68,99.89938
87,67,97.59082
87,66,97.52484
87,65,88.57165
87,64,87.54357
87,63,78.51133
87,62,74.69118
87,61,74.54779
87,60,70.4313
87,59,68.50531
87,58,69.08803
87,57,67.56421
87,56,65.80985
87,55,68.14848
87,54,63.94815
87,53,65.45454
87,52,65.00337
87,51,67.92796
87,50,67.96958
87,49,69.392
87,48,70.59703
87,47,69.78087
87,46,70.00116
87,45,67.89697
87,44,65.29891
87,43,63.39744
87,42,60.353703
87,41,61.88597
87,40,62.19078
87,39,61.40676
87,38,63.295002
87,37,63.84202
87,36,65.73101
87,35,64.36382
87,34,63.045486
87,33,61.122337
87,32,58.943
87,31,55.88851
87,30,53.701786
87,29,49.45349
87,28,45.995995
87,27,44.78504
87,26,41.729774
87,25,40.277107
87,24,38.53197
87,23,37.3418
87,22,37.20616
87,21,34.932854
87,20,32.47763
87,19,29.460733
87,18,27.725317
87,17,25.602678
87,16,23.861712
87,15,21.457323
87,14,19.475456
87,13,17.493488
87,12,17.163136
87,11,15.593002
87,10,14.437078
87,9,13.859198
87,8,12.353606
87,7,10.84281
87,6,9.377349
87,5,8.879503
87,4,7.616314
87,3,6.485259
87,2,5.7028923
87,1,4.877186
87,0,4.4601755
88,125,113.581116
88,125,114.38838
88,125,114.99097
88,125,114.28363
88,125,114.06923
88,125,114.01876
88,125,113.95479
88,125,114.68508
88,125,114.816666
88,125,114.847305
88,125,114.16341
88,125,113.87088
88,125,111.65776
88,125,112.368195
88,125,111.58106
88,125,107.28363
88,125,106.93874
88,125,105.631195
88,125,105.99176
88,125,104.74271
88,125,103.368515
88,125,99.410416
88,125,98.48884
88,125,102.288574
88,125,102.16028
88,125,103.24969
88,125,102.61388
88,125,105.19158
88,125,106.03637
88,125,102.94528
88,125,102.890015
88,125,107.19431
88,125,108.14522
88,125,107.806274
88,125,110.37542
88,125,113.87685
88,125,114.41722
88,125,114.824295
88,125,114.701614
88,125,114.78989
88,125,114.1921
88,125,113.31808
88,125,113.17224
88,125,114.10132
88,125,113.865944
88,125,113.83702
88,125,112.35552
88,125,111.96484
88,125,113.06477
88,125,112.641556
88,125,113.05682
88,125,114.21277
88,125,113.79209
88,125,114.087814
88,125,114.70791
88,125,113.92662
88,125,112.597626
88,125,111.59584
88,125,110.236084
88,124,110.400345
88,123,107.51285
88,122,107.86296
88,121,108.67897
88,120,110.0523
88,119,111.0049
88,118,112.64842
88,117,111.97362
88,116,111.23871
88,115,105.43825
88,114,104.61026
88,113,96.08737
88,112,90.48756
88,111,88.08791
88,110,91.96002
88,109,97.93387
88,108,98.303955
88,107,86.22392
88,106,83.07956
88,105,81.02975
88,104,75.09032
88,103,74.58734
88,102,71.71924
88,101,71.4986
88,100,66.321945
88,99,68.01492
88,98,70.94409
88,97,73.14442
88,96,72.39331
88,95,75.17506
88,94,80.81377
88,93,83.02057
88,92,86.864975
88,91,89.98442
88,90,88.80986
88,89,84.873024
88,88,86.79925
88,87,90.923325
88,86,94.06082
88,85,96.47538
88,84,100.13664
88,83,103.95039
88,82,105.39601
88,81,108.96147
88,80,110.86166
88,79,111.47679
88,78,110.45814
88,77,108.234146
88,76,107.13971
88,75,102.28525
88,74,96.20592
88,73,85.01561
88,72,80.57085
88,71,69.802605
88,70,66.26594
88,69,65.48648
88,68,72.687645
88,67,70.242935
88,66,59.63482
88,65,58.07792
88,64,59.004364
88,63,57.712376
88,62,53.06606
88,61,50.575493
88,60,50.125565
88,59,52.366783
88,58,55.564148
88,57,61.24163
88,56,63.680645
88,55,64.50905
88,54,66.55497
88,53,72.938095
88,52,78.04193
88,51,83.941216
88,50,82.55983
88,49,83.127716
88,48,81.86654
88,47,79.05824
88,46,75.912506
88,45,72.96893
88,44,70.62416
88,43,64.34752
88,42,58.628685
88,41,53.97817
88,40,51.218067
88,39,46.10133
88,38,42.675804
88,37,39.54721
88,36,37.40976
88,35,34.74054
88,34,32.586464
88,33,32.56614
88,32,32.214966
88,31,31.581102
88,30,32.42585
88,29,32.151432
88,28,33.788532
88,27,33.42118
88,26,31.178827
88,25,29.556696
88,24,28.216131
88,23,26.918364
88,22,24.99584
88,21,23.733519
88,20,22.1598
88,19,20.100729
88,18,17.60087
88,17,15.169101
88,16,13.383276
88,15,12.12673
88,14,10.474649
88,13,8.543525
88,12,6.9673114
88,11,6.1042833
88,10,5.1643295
88,9,4.482803
88,8,4.1355257
88,7,3.7678761
88,6,3.6072454
88,5,3.3842723
88,4,3.2316198
88,3,3.1408825
88,2,3.0726507
88,1,3.0340443
88,0,2.992121
92,125,115.65942
92,125,115.44502
92,125,115.127045
92,125,114.79447
92,125,114.6971
92,125,114.7134
92,125,114.1286
92,125,113.217224
92,125,112.58861
92,125,111.9003
92,125,111.981995
92,125,112.27179
92,125,111.21884
92,125,109.79608
92,125,111.28239
92,125,111.506096
92,125,111.72337
92,125,112.02075
92,125,112.071014
92,125,113.327965
92,125,114.48628
92,125,113.740746
92,125,112.89786
92,125,110.752304
92,125,110.59129
92,125,109.671745
92,125,111.39172
92,125,112.17624
92,125,112.15916
92,125,113.757416
92,125,113.971344
92,125,113.949814
92,125,112.8717
92,125,113.9344
92,125,114.1781
92,125,114.64035
92,125,114.85352
92,125,114.90573
92,125,115.16959
92,125,115.34183
92,125,115.382545
92,125,115.6687
92,125,115.561874
92,125,115.351326
92,125,115.4774
92,125,115.715645
92,125,115.75641
92,125,115.70392
92,125,115.77013
92,125,115.57331
92,125,115.65446
92,125,115.564804
92,125,115.58891
92,125,114.720474
92,125,114.81444
92,125,114.47492
92,125,114.69074
92,125,114.90127
92,125,114.84447
92,125,113.368835
92,125,112.364494
92,125,112.11558
92,125,111.823944
92,125,112.06798
92,125,110.28079
92,125,110.19896
92,125,108.27228
92,125,108.80652
92,125,110.64183
92,125,111.968475
92,125,111.79838
92,125,111.74458
92,125,110.96206
92,125,107.797775
92,125,105.55088
92,125,105.13261
92,125,104.70876
92,125,104.15715
92,125,106.93738
92,125,105.33452
92,125,106.50047
92,125,110.13405
92,125,112.7169
92,125,111.8217
92,125,112.638535
92,125,113.048195
92,125,113.4911
92,125,114.59642
92,125,114.09584
92,125,114.49156
92,125,114.41344
92,125,113.945145
92,125,114.14165
92,125,114.26789
92,125,114.55939
92,125,114.78714
92,125,114.31047
92,125,114.58568
92,125,114.29933
92,125,114.66214
92,125,114.991615
92,125,114.82689
92,125,114.48011
92,125,112.27461
92,125,110.3975
92,125,104.23979
92,125,106.04462
92,125,103.817505
92,125,105.825195
92,125,107.80357
92,125,110.746086
92,125,109.91768
92,125,109.56627
92,125,111.11675
92,125,112.23035
92,125,112.828125
92,125,112.53967
92,125,112.27826
92,125,109.71444
92,125,110.06589
92,125,111.19813
92,125,107.914185
92,125,111.86722
92,125,110.884155
92,125,111.61415
92,125,111.20349
92,125,113.195404
92,125,114.03882
92,125,114.87775
92,125,115.15933
92,125,115.19734
92,125,114.88083
92,125,114.69742
92,125,113.61527
92,125,112.43534
92,125,111.73253
92,125,110.12901
92,125,109.318596
92,125,111.47756
92,125,110.03325
92,125,109.184845
92,125,110.863556
92,125,110.50426
92,125,112.00212
92,125,112.85432
92,125,113.12703
92,125,114.26533
92,125,114.07593
92,125,113.63307
92,125,113.53085
92,125,113.92989
92,125,113.40313
92,125,114.21764
92,125,113.7802
92,125,112.530624
92,125,111.49516
92,125,111.03507
92,125,112.96924
92,125,114.599754
92,125,114.45692
92,125,113.219246
92,125,112.498184
92,125,112.58876
92,125,110.27255
92,125,108.77655
92,125,106.35571
92,125,102.59123
92,125,93.62836
92,125,89.80304
92,125,85.01697
92,125,88.21736
92,125,88.23652
92,125,88.59398
92,125,89.36124
92,125,93.97968
92,125,93.744736
92,125,91.2663
92,125,91.00838
92,125,89.39083
92,125,96.36171
92,125,102.52643
92,125,105.3288
92,125,109.92283
92,125,108.856476
92,125,106.47389
92,125,105.75029
92,125,105.01482
92,124,106.75377
92,123,105.21798
92,122,100.41266
92,121,96.81563
92,120,94.89732
92,119,99.51953
92,118,90.80927
92,117,89.86107
92,116,86.85478
92,115,81.5175
92,114,78.42706
92,113,75.702576
92,112,71.919785
92,111,73.39873
92,110,73.9729
92,109,78.007904
92,108,76.61264
92,107,75.95076
92,106,74.544754
92,105,75.58425
92,104,81.4712
92,103,84.64523
92,102,91.348206
92,101,97.7816
92,100,102.341385
92,99,104.62869
92,98,104.72641
92,97,104.507385
92,96,104.15291
92,95,100.80796
92,94,95.377975
92,93,93.04016
92,92,91.74133
92,91,91.12918
92,90,88.710884
92,89,87.97618
92,88,87.02739
92,87,84.08923
92,86,81.98016
92,85,82.782646
92,84,85.35959
92,83,87.52643
92,82,86.64728
92,81,84.64715
92,80,82.14668
92,79,82.322525
92,78,78.30388
92,77,80.21459
92,76,81.08115
92,75,78.72424
92,74,77.04036
92,73,74.480835
92,72,73.65746
92,71,70.39961
92,70,65.35813
92,69,61.846287
92,68,61.824295
92,67,59.084858
92,66,56.393402
92,65,53.127464
92,64,48.081745
92,63,45.55681
92,62,43.90094
92,61,43.138283
92,60,45.049927
92,59,48.861595
92,58,49.840614
92,57,49.586853
92,56,48.541725
92,55,48.480377
92,54,46.346367
92,53,43.020508
92,52,40.734253
92,51,37.41028
92,50,35.89518
92,49,35.734287
92,48,35.684196
92,47,35.30816
92,46,34.980274
92,45,33.98421
92,44,32.663837
92,43,31.36122
92,42,29.029112
92,41,28.167307
92,40,27.270533
92,39,25.933062
92,38,24.702198
92,37,23.837133
92,36,23.638763
92,35,22.637379
92,34,19.71404
92,33,18.644228
92,32,17.377983
92,31,16.5245
92,30,15.565909
92,29,14.663788
92,28,13.969391
92,27,13.3806505
92,26,13.366562
92,25,11.981768
92,24,10.684807
92,23,8.93654
92,22,7.442254
92,21,6.029172
92,20,5.042298
92,19,4.704926
92,18,4.3326464
92,17,3.9843533
92,16,3.7754354
92,15,3.6738882
92,14,3.5369062
92,13,3.4343271
92,12,3.3422852
92,11,3.3799953
92,10,3.3278563
92,9,3.289744
92,8,3.2280774
92,7,3.1993983
92,6,3.1354284
92,5,3.1019173
92,4,3.0878396
92,3,3.0674725
92,2,3.053446
92,1,3.0289009
92,0,3.037921
93,125,115.68254
93,124,115.80868
93,123,115.8708
93,122,115.9834
93,121,116.05424
93,120,116.02947
93,119,115.987335
93,118,115.956314
93,117,115.80031
93,116,115.653366
93,115,115.28464
93,114,115.26885
93,113,115.326004
93,112,115.18399
93,111,114.92351
93,110,115.198166
93,109,114.99605
93,108,115.040085
93,107,115.280174
93,106,115.39221
93,105,115.12445
93,104,114.806625
93,103,114.45255
93,102,113.85991
93,101,113.766335
93,100,113.23926
93,99,113.82266
93,98,113.701225
93,97,113.27394
93,96,113.339424
93,95,112.51415
93,94,111.57743
93,93,110.61578
93,92,110.49214
93,91,110.452415
93,90,110.92496
93,89,110.90024
93,88,110.0594
93,87,106.82869
93,86,107.17605
93,85,102.69162
93,84,101.941666
93,83,100.02409
93,82,95.63637
93,81,93.89165
93,80,93.7081
93,79,92.2217
93,78,91.260025
93,77,95.79298
93,76,99.31239
93,75,98.43178
93,74,99.727005
93,73,100.02058
93,72,97.36372
93,71,95.07274
93,70,93.796936
93,69,93.887924
93,68,88.48532
93,67,82.22548
93,66,81.5753
93,65,81.684586
93,64,80.66481
93,63,82.45755
93,62,80.52526
93,61,80.41234
93,60,88.28575
93,59,84.760635
93,58,86.282776
93,57,91.00494
93,56,98.672165
93,55,97.05527
93,54,95.404526
93,53,90.88441
93,52,87.03336
93,51,86.18222
93,50,80.78542
93,49,80.59299
93,48,75.795425
93,47,77.1594
93,46,74.95704
93,45,70.12162
93,44,67.752335
93,43,62.2566
93,42,57.235565
93,41,52.761215
93,40,50.416
93,39,47.99259
93,38,43.63115
93,37,40.72586
93,36,38.14098
93,35,38.142174
93,34,38.63157
93,33,38.67505
93,32,39.041985
93,31,40.532135
93,30,39.3066
93,29,38.346157
93,28,39.073143
93,27,38.276497
93,26,39.519783
93,25,38.941383
93,24,39.10961
93,23,37.683563
93,22,35.588696
93,21,34.94051
93,20,34.186047
93,19,33.655487
93,18,31.801905
93,17,29.95148
93,16,28.291664
93,15,25.618017
93,14,24.026058
93,13,22.101316
93,12,21.416872
93,11,20.087355
93,10,18.18513
93,9,17.393219
93,8,16.20614
93,7,14.284116
93,6,12.361145
93,5,10.79965
93,4,8.972275
93,3,7.54171
93,2,6.303179
93,1,5.1452527
93,0,4.3609915
